Year,Country,ISO Code,CAP Budget (EUR Million),Export Value (EUR Million),CAP Efficiency
2016,Latvia,LV,550.6619873699999,1986.9,3.6082025735779824
2016,Lithuania,LT,1157.4368959699998,3953.7,3.415909769047554
2016,Luxembourg,LU,90.64006315999997,1080.1,11.916364158897176
2016,Hungary,HU,2982.4490312100015,6637.1,2.2253858927833146
2016,Malta,MT,17.323189879999997,265.0,15.297413573117288
2016,Poland,PL,8288.189898470002,22921.0,2.765501307376079
2016,Austria,AT,2074.456374,10308.9,4.969446515822463
2016,Portugal,PT,2166.9858232300003,5607.9,2.5878803358487805
2016,Romania,RO,4278.6165141400015,4831.8,1.1292902703553436
2016,Cyprus,CY,132.34190606,338.2,2.555501957533163
2016,Netherlands,NL,1608.9658085400008,69617.4,43.268414798181354
2016,Italy,IT,9085.51443939,34771.4,3.8271250606624485
2016,Germany,DE,11384.549371639989,65784.2,5.778375397437758
2016,France,FR,13928.34829839,54192.5,3.890805918908863
2016,Spain,ES,11369.193895530001,40042.1,3.5219823294370287
2016,Ireland,IE,2850.82225592,11405.8,4.000880790205277
2016,Estonia,EE,376.7342027000001,1009.2,2.678811726589219
2016,Sweden,SE,1617.92399395,8485.6,5.244745755505643
2016,Denmark,DK,1863.4298227800002,16194.5,8.690694869227684
2016,Czechia,CZ,2065.2959497699994,6557.6,3.1751381688083415
2016,Bulgaria,BG,1744.401403339999,3164.2,1.8139173666918162
2016,Belgium,BE,1013.9244518200002,34913.8,34.434320956881486
2016,Finland,FI,1501.16323876,1374.5,0.9156232743451491
2016,Croatia,HR,433.70339323,1690.6,3.8980557366851105
2016,Slovenia,SI,422.54978168,1563.1,3.699209105694786
2016,Slovakia,SK,998.57216434,2444.5,2.4479953350348764
2017,Finland,FI,1393.6381490499994,1536.1,1.102222984529458
2017,Sweden,SE,1369.6137091499997,8370.2,6.111358220263914
2017,Belgium,BE,892.4611352199998,36938.6,41.389589464749406
2017,Bulgaria,BG,1818.9183028000007,3204.9,1.7619812803392276
2017,Czechia,CZ,1989.7639117199992,6660.6,3.347432306299303
2017,Denmark,DK,1827.6353862100002,17109.8,9.361714119292083
2017,Germany,DE,11053.094720479992,68174.5,6.1679105919251045
2017,Estonia,EE,348.37691766000006,1113.9,3.1973989766081905
2017,Ireland,IE,2714.367008280001,12708.3,4.6818650393385095
2017,Spain,ES,10875.54754097001,42290.7,3.8886042142415214
2017,France,FR,16429.086034680004,56413.6,3.4337637456470227
2017,Croatia,HR,461.38939146999985,1782.8,3.863981341920212
2017,Italy,IT,8929.119864779994,37516.2,4.201556320010759
2017,Latvia,LV,600.2783271499999,2414.5,4.022300807466359
2017,Cyprus,CY,128.84008391999998,368.0,2.8562539607510686
2017,Slovakia,SK,1056.15891074,2477.1,2.3453856941512847
2017,Slovenia,SI,369.5664080600001,1707.9,4.621361581441996
2017,Romania,RO,5145.198037579998,4923.6,0.9569310965367187
2017,Poland,PL,7539.024592890003,26532.6,3.5193677475230274
2017,Austria,AT,1924.1080144999996,10965.0,5.698744518170605
2017,Portugal,PT,1968.4559840399997,5937.4,3.0162726767271977
2017,Malta,MT,13.8336549,280.0,20.240493349302792
2017,Hungary,HU,2822.487837099999,7312.9,2.590941191623958
2017,Luxembourg,LU,54.93488266,1148.2,20.901109539204395
2017,Lithuania,LT,1154.9854014199996,4367.8,3.781692820212271
2017,Netherlands,NL,1694.1114960300006,73355.6,43.30033777109849
2018,Portugal,PT,2040.3209327200002,6118.8,2.9989399715871574
2018,Netherlands,NL,1619.7328855248625,74190.0,45.803848685803075
2018,Austria,AT,1945.13228196,11333.3,5.8264931928331745
2018,Poland,PL,7813.793037129999,28305.7,3.62253003957175
2018,Romania,RO,4771.8435003800005,5063.9,1.0612041236467085
2018,Belgium,BE,1199.7895529388632,36667.3,30.561442971547887
2018,Slovakia,SK,1096.85102939,2446.8,2.230749604493472
2018,Finland,FI,1414.88221516,1471.4,1.0399452224605203
2018,Sweden,SE,1588.4367167000003,8659.3,5.451460488768994
2018,Malta,MT,20.13770604,351.4,17.44985249571157
2018,Slovenia,SI,392.29292996999993,1927.4,4.913165272051667
2018,Hungary,HU,3027.18031563,7163.8,2.366492660847363
2018,Luxembourg,LU,89.91705046662054,1222.1,13.591415573108396
2018,Czechia,CZ,2029.3565668500003,6531.5,3.218507829867621
2018,Lithuania,LT,1204.1372335770993,4473.5,3.7151081083263984
2018,Denmark,DK,1758.0011889300001,16639.3,9.46489689812294
2018,Germany,DE,11106.92919314107,66976.8,6.030181595229814
2018,Estonia,EE,380.42329603,1081.3,2.842360105924557
2018,Bulgaria,BG,1839.6668691799998,3346.1,1.8188619124784624
2018,Ireland,IE,2759.99766822,12585.4,4.559931388680005
2018,France,FR,17186.955205516108,57607.2,3.351797878748827
2018,Croatia,HR,705.27752861,1965.3,2.786562622905797
2018,Italy,IT,8799.991859709784,38299.8,4.352254025978508
2018,Cyprus,CY,130.23502086,409.2,3.1420120125744186
2018,Latvia,LV,667.0821200400001,2488.3,3.73012546019191
2018,Spain,ES,11531.123355189084,43323.2,3.757066737171298
2019,Malta,MT,31.128446079999996,292.9,9.409399982487015
2019,Netherlands,NL,1492.6952153814175,77374.3,51.83529712073815
2019,Austria,AT,1973.9124704199996,12039.8,6.099459920549683
2019,Poland,PL,7932.02563081,30176.7,3.8044128201989214
2019,Hungary,HU,3120.5517972099997,7593.8,2.4334798758313867
2019,Romania,RO,4569.08892148,5864.1,1.283428731805142
2019,Slovenia,SI,405.08547985,2014.7,4.973518183732549
2019,Slovakia,SK,1121.9165251693607,2619.2,2.3345765404468164
2019,Finland,FI,1407.23012278,1666.4,1.1841702170985415
2019,Sweden,SE,1643.75246549,8870.5,5.396493806843184
2019,Portugal,PT,2020.80698051,6300.5,3.117813853953491
2019,Luxembourg,LU,99.53517844999999,1189.7,11.952558065665478
2019,Spain,ES,12284.789285680712,46833.7,3.8123323820124355
2019,Latvia,LV,715.38767512,2874.7,4.018380662649513
2019,Lithuania,LT,1106.181244120167,4901.7,4.431190662519962
2019,Bulgaria,BG,1922.98491784,3812.6,1.9826468552246979
2019,Czechia,CZ,2144.74806915,6875.8,3.205877696733396
2019,Denmark,DK,1764.9580647,17364.1,9.83825074787342
2019,Germany,DE,11002.117977324255,69312.5,6.29992335501723
2019,Estonia,EE,393.97236552000004,1278.1,3.2441361675533993
2019,Belgium,BE,1129.0272930305855,38184.1,33.82035158557109
2019,France,FR,17019.02764959,59625.6,3.503466897618938
2019,Croatia,HR,876.7796248,2019.4,2.303201332330961
2019,Italy,IT,9202.06254217849,41306.7,4.488852342685891
2019,Cyprus,CY,132.21573044,439.0,3.320331087224299
2019,Ireland,IE,2719.1188281899995,13435.8,4.941233115929558
2020,Luxembourg,LU,97.83777681,1163.7,11.894178689892904
2020,Hungary,HU,2973.6192385199997,7929.9,2.6667503012076255
2020,Malta,MT,27.03616006,289.7,10.715279069109046
2020,Netherlands,NL,1509.85267596,76713.3,50.80846709181336
2020,Poland,PL,7882.94790622,32413.6,4.111862768295628
2020,Portugal,PT,2128.7904334199998,6402.2,3.0074355368623915
2020,Romania,RO,5088.643809560001,5849.9,1.149599032459264
2020,Slovenia,SI,406.08812926999997,2043.8,5.032897670941565
2020,Slovakia,SK,1105.98875209,2706.1,2.4467699105314145
2020,Austria,AT,2003.9346289,12342.0,6.158883539417038
2020,Lithuania,LT,1159.4776696499998,5393.2,4.651404801636233
2020,Italy,IT,9171.73294782,42605.9,4.645348947946294
2020,Cyprus,CY,123.63451651,452.1,3.6567458082260758
2020,Croatia,HR,1019.55600994,2194.3,2.152211333763932
2020,France,FR,17218.375020950003,57178.3,3.320772136187638
2020,Spain,ES,12585.04962563,48541.8,3.8571004043672996
2020,Ireland,IE,2841.79852063,13009.1,4.577769995149412
2020,Estonia,EE,389.84466934999995,1274.8,3.2700203445785556
2020,Germany,DE,10996.71835454,68093.2,6.1921382183883695
2020,Denmark,DK,1727.16723736,17120.0,9.912184315265364
2020,Czechia,CZ,2133.13782615,7299.6,3.4220011058426096
2020,Bulgaria,BG,1909.0142968599998,3646.1,1.9099385510088673
2020,Belgium,BE,1197.9507581500002,37977.9,31.702388217233082
2020,Latvia,LV,711.1242981700001,2986.3,4.199406499939482
2020,Sweden,SE,1723.42538215,9018.2,5.232718569312039
2020,Finland,FI,1339.9775367799998,1775.0,1.3246490715548638
2021,Finland,FI,942.1710214100001,1741.6,1.8484966746203035
2021,Slovakia,SK,534.61811016,3096.8,5.792546008352004
2021,Slovenia,SI,258.89193243,2496.9,9.644564728470709
2021,Romania,RO,3166.1493072599997,7692.6,2.429639051563621
2021,Portugal,PT,1248.76275347,7169.8,5.74152294347098
2021,Poland,PL,4772.64071945,35506.3,7.439550154131811
2021,Austria,AT,1289.8568568800001,13215.6,10.245788072923734
2021,Netherlands,NL,868.16657046,82448.6,94.96864173923954
2021,Malta,MT,19.94799816,261.5,13.109084826584924
2021,Hungary,HU,1887.33200339,8626.0,4.570473019323625
2021,Luxembourg,LU,60.689188189999996,1273.1,20.977377321546932
2021,Lithuania,LT,705.73082146,5275.8,7.475654795812296
2021,Belgium,BE,672.73977819,41571.4,61.79417561995138
2021,Cyprus,CY,67.00974500000001,452.8,6.757226131811126
2021,Latvia,LV,421.39016093000004,3028.8,7.187638157747909
2021,Bulgaria,BG,1221.8052259,4416.8,3.614978808710299
2021,Czechia,CZ,1150.89538546,7852.4,6.822861659890559
2021,Denmark,DK,922.18305215,17812.1,19.315145684441323
2021,Germany,DE,5943.774009639999,71376.7,12.00864970374658
2021,Estonia,EE,273.06387759000006,1333.6,4.883838945561205
2021,Sweden,SE,1005.8441022899999,9805.2,9.748230344718982
2021,Spain,ES,6648.8247802900005,53004.9,7.972070516451194
2021,France,FR,9301.6507982,64028.2,6.883530825774534
2021,Croatia,HR,720.22007997,2534.4,3.5189243822604444
2021,Ireland,IE,1531.0074249800002,13818.0,9.025429775548284
2021,Italy,IT,5357.08526583,47822.8,8.927018635494983
2022,Hungary,HU,1985.44041918,10219.2,5.147069587825052
2022,Malta,MT,15.30424542,388.5,25.385113041398153
2022,Netherlands,NL,826.8845535199999,97903.0,118.39984140861328
2022,Poland,PL,4793.0522773,44342.5,9.251411717332408
2022,Lithuania,LT,824.999765319999,6753.7,8.186305358984423
2022,Portugal,PT,1440.6039467399992,8336.0,5.786462003567234
2022,Romania,RO,2995.3547753099997,9271.3,3.095226006755904
2022,Slovenia,SI,269.35980014999996,3057.6,11.351359773423118
2022,Slovakia,SK,573.08178915,4117.3,7.1844893311072
2022,Austria,AT,1339.62337841,15321.9,11.437468356356677
2022,Latvia,LV,430.40411971000003,4242.0,9.855853616963977
2022,Croatia,HR,738.50059049,3184.8,4.312521941095354
2022,Italy,IT,5656.91150381001,54719.1,9.672963765324225
2022,France,FR,9472.157140050009,76193.5,8.0439438317424
2022,Spain,ES,6767.120209349991,59180.3,8.745270982216601
2022,Estonia,EE,291.30357064,1798.5,6.173971695742206
2022,Germany,DE,6385.8813848400105,85048.4,13.318192881236984
2022,Denmark,DK,902.64378187,20322.0,22.51386472512897
2022,Czechia,CZ,1243.52815514,9834.9,7.908867973232788
2022,Bulgaria,BG,1058.520385120001,5440.9,5.140099403360269
2022,Belgium,BE,708.3609513399999,48642.3,68.6688049475113
2022,Finland,FI,977.4101929999999,2213.2,2.2643512578960796
2022,Cyprus,CY,69.15655075,501.1,7.245879017469651
2022,Ireland,IE,1578.88541322,16720.2,10.589875528649417
2022,Sweden,SE,1004.9711270700001,11680.7,11.622920982869585
2023,Bulgaria,BG,1131.19750238,6095.1,5.388183749677773
2023,Belgium,BE,742.162403259999,53354.3,71.89032988687866
2023,Sweden,SE,994.24427072,12077.7,12.147618402923976
2023,Finland,FI,748.4667623500001,2087.3,2.7887677917004567
2023,Slovakia,SK,577.0402743,4459.1,7.727536878442803
2023,Slovenia,SI,290.56954182999993,3428.9,11.800617430185115
2023,Romania,RO,3279.9284878099998,9667.9,2.947594752730488
2023,Portugal,PT,1517.02138817,8911.2,5.874142625470616
2023,Austria,AT,1378.05905473,16396.9,11.898546686892608
2023,Netherlands,NL,871.80632377,101548.1,116.48011402448881
2023,Malta,MT,19.748203760000003,323.4,16.376172938576158
2023,Hungary,HU,2206.23371814,10870.3,4.927084519932175
2023,Luxembourg,LU,51.06412525,1667.1,32.64718609862019
2023,Poland,PL,5088.38539971,48916.8,9.613422757401178
2023,Latvia,LV,483.45609945,4477.9,9.262268084101631
2023,Lithuania,LT,845.7149012199999,7051.8,8.33827095848413
2023,Denmark,DK,922.26421671,20858.0,22.616078583648076
2023,Germany,DE,6401.3710434800205,89500.9,13.981520426184204
2023,Estonia,EE,326.12904367,1840.7,5.644084866794471
2023,Ireland,IE,1516.41216431,16327.1,10.766927609967558
2023,Czechia,CZ,1262.104414349999,11514.6,9.123333908890713
2023,France,FR,9582.77051795001,74821.0,7.807867240465448
2023,Croatia,HR,751.2853009300001,3467.3,4.615157511677526
2023,Italy,IT,6056.03735619001,58315.1,9.629250377789504
2023,Cyprus,CY,76.36407215,523.4,6.854008505097773
2023,Spain,ES,6921.48093387001,62470.2,9.025554010313659
2024,Luxembourg,LU,47.81398286,1723.0,36.035483700342795
2024,Hungary,HU,1919.1162409800002,11282.9,5.879216568058622
2024,Malta,MT,36.819115249999996,337.4,9.163718294398723
2024,Netherlands,NL,978.24327574,108893.7,111.31556198802029
2024,Austria,AT,1235.58389427,16787.4,13.586612837745209
2024,Romania,RO,3065.77920172,9039.7,2.9485815530774167
2024,Portugal,PT,1499.51037268,9294.8,6.198556655121943
2024,Slovenia,SI,320.06961309,3226.2,10.079682256787144
2024,Slovakia,SK,650.94391349,4566.0,7.014429208685034
2024,Finland,FI,797.53352633,2198.5,2.756623925412653
2024,Poland,PL,4788.887967680001,51071.6,10.664605299743915
2024,Lithuania,LT,865.92675105,6572.4,7.590018430577968
2024,Belgium,BE,742.31860938,56377.2,75.94744263125428
2024,Cyprus,CY,79.3576728700001,569.0,7.170069124029232
2024,Italy,IT,5954.98358296001,62267.8,10.456418415355044
2024,Croatia,HR,695.0005880799999,3334.8,4.7982693211996805
2024,France,FR,9643.54997036,75628.4,7.842381719641438
2024,Spain,ES,6783.565323850001,65864.5,9.709422236774262
2024,Ireland,IE,1527.99507643,17233.2,11.278308592632094
2024,Estonia,EE,299.63858225999996,2002.7,6.683718715042622
2024,Germany,DE,6193.55020272001,93071.4,15.027148719828896
2024,Denmark,DK,1005.00239707,21125.3,21.02014886888731
2024,Czechia,CZ,1016.163938449999,12258.1,12.06311259057061
2024,Bulgaria,BG,1197.8280671300001,5415.7,4.5212665729031
2024,Latvia,LV,472.94603048,4067.4,8.60013561351162
2024,Sweden,SE,912.6294503,11830.8,12.963421239705745
